seccion,titulo,descripcion,enlace,fecha
general,Takeaways from Thunder-Lakers Game 4,Here's what we've learned -- and what's next for the Cavs-Pistons and the Wolves-Spurs series.,https://www.espn.com/nba/story/_/id/48676289/2026-nba-playoffs-conference-semifinals-round-2-takeaways,"Tue, 12 May 2026 02:05:06 EST"
general,LeBron: 'I don't know what the future holds',"LeBron James, whose record-setting 23rd season ended with an unceremonious 115-110 loss to the Thunder in Game 4 of a second-round sweep of the Lakers, was noncommittal about whether he will continue playing in L.A. -- or elsewhere.",https://www.espn.com/nba/story/_/id/48747842/lakers-lebron-james-know-future-holds-me,"Tue, 12 May 2026 07:00:09 EST"
general,OKC escapes late L.A. charge to complete sweep,"The Lakers refused to fold while facing elimination, but the Thunder ultimately pulled away to improve to 8-0 this postseason.",https://www.espn.com/nba/story/_/id/48747206/thunder-escape-late-lakers-charge-complete-sweep,"Tue, 12 May 2026 07:00:09 EST"
general,Bickerstaff calls FT disparity in loss 'unacceptab...,"Pistons coach J.B. Bickerstaff called the gulf in attempted free throws between his team and the Cavaliers in Monday's Game 4 loss ""unacceptable.""",https://www.espn.com/nba/story/_/id/48747058/bickerstaff-calls-ft-disparity-game-4-loss-unacceptable,"Tue, 12 May 2026 07:00:09 EST"
general,Mitchell's record-tying 2nd half evens East semis,"Donovan Mitchell tied an NBA playoff record with 39 points in the second half, and the Cavaliers evened their second-round series against the Pistons with a 112-103 victory Monday night.",https://www.espn.com/nba/story/_/id/48746487/donovan-mitchell-ties-nba-playoff-record-39-points-second-half-cavaliers-even-series-vs-pistons,"Tue, 12 May 2026 07:00:09 EST"
general,Kiffin: LSU's 'diversity' recruiting edge vs. Rebe...,"LSU coach Lane Kiffin implied the lack of diversity at Ole Miss hurt his ability to recruit players, saying parents have told him Baton Rouge feels more reflective of the ""real world.""",https://www.espn.com/college-football/story/_/id/48744747/kiffin-lsu-diversity-recruitment-advantage-vs-ole-miss,"Tue, 12 May 2026 07:00:09 EST"
general,Wild's McCarron labels Avs' Manson 'a dirty player...,Avalanche defenseman Josh Manson returned from a five-game absence Monday night in Game 4 and took a double minor penalty for hitting Wild center Michael McCarron with the blunt end of his stick during a scrum midway through the first period.,https://www.espn.com/nhl/story/_/id/48747287/wild-michael-mccarron-calls-avalanche-josh-manson-dirty-player-butt-ending-face,"Tue, 12 May 2026 07:00:09 EST"
general,Sources: Struggling Mets call up prospect Ewing,"The Mets are calling up their No. 2 prospect, outfielder A.J. Ewing, in hopes of sparking a struggling offense.",https://www.espn.com/mlb/story/_/id/48746188/sources-struggling-mets-call-prospect-aj-ewing,"Tue, 12 May 2026 07:00:09 EST"
general,Bills to open new stadium in Week 2 vs. Lions,"The Bills will play their first regular-season game at their new home, the newly constructed Highmark Stadium, in Week 2 against the Lions, it was announced Monday.",https://www.espn.com/nfl/story/_/id/48744949/bills-play-first-regular-season-game-new-stadium-week-2,"Tue, 12 May 2026 07:00:09 EST"
general,"⚾ MLB free agency: Skubal status, top hitter, more...",We polled those around the industry about the most intriguing topics surrounding this upcoming offseason.,https://www.espn.com/mlb/story/_/id/48733848/mlb-2026-27-free-agency-offseason-questions-market-skubal-lockout-top-free-agent,"Tue, 12 May 2026 07:00:09 EST"
general,"The French Connection: Gobert, Wemby put their friendship on hold for the playoffs",The French big men have been friends for a decade and now face off against each other in a 2-2 series.,https://www.espn.com/nba/story/_/id/48742665/rivalry-friendship-rudy-gobert-victor-wembanyama-spurs-timberwolves-playoffs,"Tue, 12 May 2026 07:07:48 EST"
general,"Lucky socks, a fishhook and pickup hoops: How the ...",ESPN was granted behind-the-scenes access to Washington on the day the franchise secured the No. 1 pick of the 2026 NBA draft.,https://www.espn.com/nba/story/_/id/48742366/washington-wizards-nba-lottery-draft-2026-first-overall-pick-aj-dybantsa,"Tue, 12 May 2026 08:05:27 EST"
general,Windhorst: Everything I saw inside the NBA's myste...,Here's everything that transpired as the ping-pong balls were selected.,https://www.espn.com/nba/story/_/id/48737761/inside-secret-nba-lottery-room-ahead-2026-draft-picks-rounds-jokes-silence-ping-pong-balls,"Tue, 12 May 2026 08:05:26 EST"
general,"Wait, why didn't my NFL team ____? Reasonable answ...","Let's make sense of the Cowboys not extending George Pickens, the Steelers bypassing QB upgrades, the Dolphins not trading De'Von Achane and more.",https://www.espn.com/nfl/story/_/id/48742512/2026-nfl-offseason-10-teams-questions-explaining-missed-moves,"Tue, 12 May 2026 07:14:23 EST"
general,Three questions facing Lamar Jackson and the Raven...,"Heading into next week's organized team activities, the Ravens have some major questions to address.",https://www.espn.com/nfl/story/_/id/48741815/questions-facing-lamar-jackson-baltimore-ravens-ravens-center-tyler-linderbaum-nnamdi-madubuike,"Tue, 12 May 2026 07:14:23 EST"
general,Rich Rodriguez Q&A: The secret sauce at West Virgi...,"At his second go-around in Morgantown, Rodriguez notes how much has changed and what's stayed the same.",https://www.espn.com/college-football/story/_/id/48679548/west-virginia-rich-rodriguez-qa-college-football,"Tue, 12 May 2026 07:08:21 EST"
general,"CFB buzz: Army-Navy's future, last JMU Hoosier, la...",What we heard around college football after the completion of spring practice.,https://www.espn.com/college-football/story/_/id/48695281/college-football-spring-buzz-week-0-cfp-ohio-state-notre-dame-army-navy,"Tue, 12 May 2026 07:08:21 EST"
general,Why so many good teams have closer issues -- and h...,"Bullpens are more volatile than ever, and closers with a capital C are few and far between, even for baseball's elite.",https://www.espn.com/mlb/story/_/id/48742800/mlb-2026-closer-bullpen-struggles-impact-rest-season-deadline,"Tue, 12 May 2026 07:11:47 EST"
general,How two lefty sluggers are powering the best offen...,Matt Olson and Drake Baldwin headline a lineup that has the Braves running away with the NL East.,https://www.espn.com/mlb/story/_/id/48742605/mlb-2026-matt-olson-drake-baldwin-atlanta-braves-lineup-offsense-nl-east,"Tue, 12 May 2026 07:11:47 EST"
general,"PGA Championship tiers: Ranking favorites, contend...",Can Scottie Scheffler repeat? Will Rory McIlroy make it two straight majors? We break down the PGA Championship field from the favorites to the players just looking to make the cut.,https://www.espn.com/golf/story/_/page/PGArankings2026/2026-pga-championship-ranking-favorites-contenders-hopefuls,"Tue, 12 May 2026 06:40:29 EST"
general,"Latest news and analysis, how to watch and more fr...",The PGA Championship heads to Aronimink Golf Club outside of Philadelphia. Here's all the coverage.,https://www.espn.com/golf/story/_/page/PGAchampionship2026/pga-championship-2026-news-tee-s-schedule-television-complete-coverage-analysis,"Mon, 11 May 2026 14:14:23 EST"
general,'Blast from the past': How Taylor Hall found his M...,"The No. 1 pick (2010) and Hart Trophy winner (2018) is a critical player for the Canes, who have yet to lose this postseason.",https://www.espn.com/nhl/story/_/id/48743578/2026-nhl-playoffs-stanley-cup-taylor-hall-mvp-carolina-hurricanes,"Tue, 12 May 2026 07:07:36 EST"
general,"Stanley Cup playoffs daily: Sabres want revenge, p...","It's a crucial night on the calendar with an ESPN doubleheader. Plus, highlights from Avs-Wild Game 4.",https://www.espn.com/nhl/story/_/id/48526483/2026-nhl-playoffs-stanley-cup-preview-stats-schedule-top-players-bracket-matchups,"Tue, 12 May 2026 07:21:57 EST"
general,10 things we learned from the WNBA's opening weeke...,"Even with a short roster, New York is a front-runner, Phoenix has no shortage of talent, and the Dream are even better.",https://www.espn.com/wnba/story/_/id/48736313/wnba-2026-season-opener-takeaways-caitlin-clark-fever-wings-liberty-aces,"Mon, 11 May 2026 11:50:43 EST"
general,How Belmont's Maya Johnson managed lupus to become...,"The Bruins ace was turned away by major programs for medical reasons. Now, in the postseason, she's looking to beat them.",https://www.espn.com/college-sports/story/_/id/48740541/belmont-softball-maya-johnson-lupus,"Tue, 12 May 2026 07:09:52 EST"
general,Why a familiar summer awaits Joel Embiid and the 7...,"After a historic comeback gave way to a second-round sweep, the 76ers face another offseason of questions.",https://www.espn.com/nba/story/_/id/48622748/nba-playoffs-2026-embiid-76ers-face-familiar-offseason-knicks-sweep,"Mon, 11 May 2026 16:34:19 EST"
general,As it happened: Washington wins the No. 1 pick in the NBA 2026 draft lottery,Here is how the NBA 2026 draft lottery unfolded from Chicago on Sunday as the Wizards won the No. 1 pick.,https://www.espn.com/nba/story/_/id/48706896/nba-draft-lottery-2026-live-updates-moments,"Sun, 10 May 2026 15:49:57 EST"
general,Inside Real Madrid's downward spiral into infighti...,"In another season with no major trophy, Real Madrid have had to deal with players fighting and problems at team and boardroom level. How did it come to this?",https://www.espn.com/soccer/story/_/id/48739869/real-madrid-downward-spiral-infighting-disarray-no-trophies,"Tue, 12 May 2026 07:24:07 EST"
general,"How Barcelona won LaLiga title, and how they can g...","It will be hard to top sealing the title in El Clásico, but 2025-26 is a season that has left Barcelona wanting more.",https://www.espn.com/soccer/story/_/id/48739456/how-barcelona-won-laliga-how-get-even-better,"Tue, 12 May 2026 07:24:06 EST"
general,"Hat trick: Alex Morgan pregnant with third baby, e...","Former USWNT star Alex Morgan announced on Mother's Day that she and her partner, Servando Carrasco, are expecting their third child together.",https://www.espn.com/soccer/story/_/id/48738086/alex-morgan-third-baby-announcement-pregnancy,"Mon, 11 May 2026 23:46:10 EST"
general,Celebrities at the NBA playoffs: Leonardo DiCaprio...,Celebrities have been out in style courtside at the NBA playoffs.,https://www.espn.com/nba/story/_/id/48514336/nba-playoffs-2026-celebrity-sightings,"Mon, 11 May 2026 23:46:10 EST"
general,UFC 328 fight grades: Khamzat Chimaev vs. Sean Str...,"There were seven finishes on the UFC 328 card, but only one of them earned an A grade.",https://www.espn.com/mma/story/_/id/48736888/ufc-328-fight-grades-sean-strickland-khamzat-chimaev-joshua-van-tatsuro-taira,"Mon, 11 May 2026 12:36:39 EST"
general,What's next: Will Sean Strickland and Khamzat Chim...,"The most-likely next opponent -- and a few wild cards -- for the winners, losers from the UFC 328 main card.",https://www.espn.com/mma/story/_/id/48728899/ufc-328-whats-next-sean-strickland-khamzat-chimaev-run-back,"Mon, 11 May 2026 12:36:39 EST"
general,"Week 13 in college baseball: Top 25, best moments ...",What do the latest top 25 rankings look like?,https://www.espn.com/college-sports/story/_/id/48740731/college-baseball-week-13-top-25-rankings-top-player-game-watch-2026,"Mon, 11 May 2026 15:52:21 EST"
general,"Softball: NCAA tournament scores, schedule, watch",Everything you need to know about the softball postseason is here.,https://www.espn.com/college-sports/story/_/id/48734760/college-softball-2026-wcws-ncaa-tournament-watch-schedule-scores,"Mon, 11 May 2026 15:52:20 EST"
general,"WWE Backlash takeaways: Breakker's breakout, Reign...",WWE Backlash was defined by rising young stars and the intensifying feud between Roman Reigns and Jacob Fatu.,https://www.espn.com/wwe/story/_/id/48726269/wwe-backlash-takeaways-breakker-breakout-reigns-troubles-more,"Mon, 11 May 2026 07:58:25 EST"
general,MLS: NYCFC soar after Wolf's stellar hat trick,NYCFC were among the biggest risers in this week's edition of ESPN's MLS Power Rankings.,https://www.espn.com/soccer/story/_/id/48741643/mls-power-rankings-nycfc-soar-hannes-wolf-hat-trick,"Mon, 11 May 2026 13:35:08 EST"
general,"NWSL: San Diego takes top spot, Washington's strea...","Our new No. 1 in the ESPN's NWSL Power Rankings is the San Diego Wave, though the Washington Spirit's hot streak continues.",https://www.espn.com/soccer/story/_/id/48741480/nwsl-power-rankings-san-diego-wave-take-top-spot-washington-spirit-streaks-continue,"Mon, 11 May 2026 13:35:08 EST"
general,"Fans, managers can hate on VAR, but  David Raya in...","Arsenal boss Mikel Arteta is the embodiment of how football wants VAR to work both ways. But Sunday's decision was right, and isn't that what we all want?",https://www.espn.com/soccer/story/_/id/48739444/fans-managers-hate-var-raya-incident-why-exists,"Tue, 12 May 2026 07:56:24 EST"
general,Mexico unveil a rarity at 2026 World Cup: A third ...,Mexico have added a third kit to their impressively stylish World Cup wardrobe.,https://www.espn.com/soccer/story/_/id/48748977/mexico-unveil-third-alternate-kit-rarity-2026-fifa-world-cup,"Tue, 12 May 2026 07:56:24 EST"
general,Boxing divisional rankings: Dubois stays put at he...,Daniel Dubois keeps position at heavyweight; David Morrell no longer ranked at 175 pounds. Here are the latest ESPN divisional rankings.,https://www.espn.com/boxing/story/_/id/21675272/divisional-rankings-best-top-10-fighters-per-division,"Tue, 12 May 2026 07:59:19 EST"
general,Free agent pickups: Waldschmidt and Snelling get t...,The top players you should consider claiming off the fantasy baseball waiver wire this week.,https://www.espn.com/fantasy/baseball/story/_/id/48740286/fantasy-baseball-free-agent-pickups-waiver-wire-may11-2026,"Mon, 11 May 2026 11:28:13 EST"
general,Lineup advice: Four players to add after opening w...,"Andre Snellings recaps a busy opening weekend with surprises, standouts and four players to add to your lineup this week.",https://www.espn.com/fantasy/womens-basketball/story/_/id/48713412/espn-wnba-fantasy-womens-basketball-lineups-adds-drops-news-players,"Mon, 11 May 2026 15:38:54 EST"
general,"Transfer rumors, news: Liverpool look to Martinez ...",Liverpool's move to sign Aston Villa goalkeeper Emiliano Martinez is gaining momentum. Transfer Talk has the latest.,https://www.espn.com/soccer/story/_/id/48747741/transfer-rumors-news-liverpool-look-martinez-alisson-replacement,"Tue, 12 May 2026 05:51:44 EST"
nba,Takeaways from Thunder-Lakers Game 4,Here's what we've learned -- and what's next for the Cavs-Pistons and the Wolves-Spurs series.,https://www.espn.com/nba/story/_/id/48676289/2026-nba-playoffs-conference-semifinals-round-2-takeaways,"Tue, 12 May 2026 02:05:06 EST"
nba,LeBron: 'I don't know what the future holds',"LeBron James, whose record-setting 23rd season ended with an unceremonious 115-110 loss to the Thunder in Game 4 of a second-round sweep of the Lakers, was noncommittal about whether he will continue playing in L.A. -- or elsewhere.",https://www.espn.com/nba/story/_/id/48747842/lakers-lebron-james-know-future-holds-me,"Tue, 12 May 2026 07:00:09 EST"
nba,OKC escapes late L.A. charge to complete sweep,"The Lakers refused to fold while facing elimination, but the Thunder ultimately pulled away to improve to 8-0 this postseason.",https://www.espn.com/nba/story/_/id/48747206/thunder-escape-late-lakers-charge-complete-sweep,"Tue, 12 May 2026 04:21:10 EST"
nba,Mitchell's record-tying 2nd half evens East semis,"Donovan Mitchell tied an NBA playoff record with 39 points in the second half, and the Cavaliers evened their second-round series against the Pistons with a 112-103 victory Monday night.",https://www.espn.com/nba/story/_/id/48746487/donovan-mitchell-ties-nba-playoff-record-39-points-second-half-cavaliers-even-series-vs-pistons,"Tue, 12 May 2026 04:21:10 EST"
nba,Bickerstaff calls FT disparity in loss 'unacceptab...,"Pistons coach J.B. Bickerstaff called the gulf in attempted free throws between his team and the Cavaliers in Monday's Game 4 loss ""unacceptable.""",https://www.espn.com/nba/story/_/id/48747058/bickerstaff-calls-ft-disparity-game-4-loss-unacceptable,"Tue, 12 May 2026 04:21:10 EST"
nba,No discipline for Wemby elbow; he'll play Game 5,"Spurs star Victor Wembanyama will not face any further discipline for elbowing Minnesota's Naz Reid and will play in Game 5 against the Timberwolves in San Antonio, sources told ESPN.",https://www.espn.com/nba/story/_/id/48742211/no-discipline-wembanyama-reid-elbow-play-game-5,"Tue, 12 May 2026 04:21:10 EST"
nba,Sources: Bucks seeking trade offers for Giannis,"The Bucks are open for business on trade calls and offers for Giannis Antetokounmpo, sources told ESPN.",https://www.espn.com/nba/story/_/id/48741814/sources-bucks-seeking-trade-offers-giannis-antetokounmpo,"Tue, 12 May 2026 04:21:10 EST"
nba,Spurs' Fox (ankle) questionable for Game 5,The Spurs listed guard De'Aaron Fox as questionable for Tuesday's Game 5 of the Western Conference semifinals at Frost Bank Center because of right ankle soreness.,https://www.espn.com/nba/story/_/id/48746586/spurs-deaaron-fox-dealing-right-ankle-soreness,"Tue, 12 May 2026 04:21:10 EST"
nba,"🍼 LaOne: LaMelo, partner welcome first child","The couple also revealed they will be launching I Am Fertility, a nonprofit ""dedicated to supporting women navigating fertility and IVF journeys.""",https://www.espn.com/nba/story/_/id/48734873/lamelo-ball-birth-first-child-laone,"Tue, 12 May 2026 04:21:10 EST"
nba,"Copy of Lucky socks, a fishhook and pickup hoops: How the ...",ESPN was granted behind-the-scenes access to Washington on the day the franchise secured the No. 1 pick of the 2026 NBA draft.,https://www.espn.com/nba/story/_/id/48742366/washington-wizards-nba-lottery-draft-2026-first-overall-pick-aj-dybantsa,"Tue, 12 May 2026 08:05:45 EST"
nba,Copy of Windhorst: Everything I saw inside the NBA's myste...,Here's everything that transpired as the ping-pong balls were selected.,https://www.espn.com/nba/story/_/id/48737761/inside-secret-nba-lottery-room-ahead-2026-draft-picks-rounds-jokes-silence-ping-pong-balls,"Tue, 12 May 2026 08:05:45 EST"
nba,"The French Connection: Gobert, Wemby put their fri...",The French big men have been friends for a decade and now face off against each other in a 2-2 series.,https://www.espn.com/nba/story/_/id/48742665/rivalry-friendship-rudy-gobert-victor-wembanyama-spurs-timberwolves-playoffs,"Tue, 12 May 2026 07:48:28 EST"
nba,The Wizards have the No. 1 pick! Updated mock draf...,"The Wizards, Jazz and Grizzlies have the top picks in the 2026 NBA draft. Here's Jeremy Woo's updated mock.",https://www.espn.com/nba/story/_/id/48713262/2026-nba-mock-draft-pick-projections-picks-post-lottery-dybantsa-peterson,"Tue, 12 May 2026 08:05:15 EST"
nba,Copy of NBA combine primer: What to watch for and who coul...,"The NBA draft combine is here, with dozens of prospects competing to raise their stock. Here's what to know.",https://www.espn.com/nba/story/_/id/48694379/2026-nba-draft-combine-preview-players-workouts-watch-chicago-dybantsa-peterson-boozer-wilson,"Tue, 12 May 2026 08:05:15 EST"
nba,Latest NBA buzz: Everything we're hearing ahead of...,"Here's the latest news and reactions from our insiders, including Giannis' status with the Bucks.",https://www.espn.com/nba/story/_/id/48377855/2026-nba-buzz-latest-live-updates-news-intel-nba-draft-offseason,"Tue, 12 May 2026 02:02:18 EST"
nba,"Offseason guides: Draft, free agency, trade target...","What lies ahead for the Magic, Celtics, Nuggets, Warriors and every eliminated team?",https://www.espn.com/nba/story/_/id/48432907/nba-offseason-2026-draft-free-agency-trade-targets-30-teams,"Tue, 12 May 2026 02:10:47 EST"
nba,Why a familiar summer awaits Joel Embiid and the 7...,"After a historic comeback gave way to a second-round sweep, the 76ers face another offseason of health and roster questions.",https://www.espn.com/nba/story/_/id/48622748/nba-playoffs-2026-embiid-76ers-face-familiar-offseason-knicks-sweep,"Mon, 11 May 2026 11:17:40 EST"
nba,"Steve Kerr is back: Why he signed a new deal, and ...",Why did Kerr decide to return? How will this impact the Warriors' offseason? Here's everything you need to know about Kerr's new deal with Golden State.,https://www.espn.com/nba/story/_/id/48565081/steve-kerr-returning-golden-state-warriors-coach-answering-questions-next-offseason-moves,"Mon, 11 May 2026 16:03:33 EST"
nfl,"Wait, why didn't my NFL team ____? Reasonable answ...","Let's make sense of the Cowboys not extending George Pickens, the Steelers bypassing QB upgrades, the Dolphins not trading De'Von Achane and more.",https://www.espn.com/nfl/story/_/id/48742512/2026-nfl-offseason-10-teams-questions-explaining-missed-moves,"Tue, 12 May 2026 07:27:23 EST"
nfl,Bills to open new stadium in Week 2 vs. Lions,"The Bills will play their first regular-season game at their new home, the newly constructed Highmark Stadium, in Week 2 against the Lions, it was announced Monday.",https://www.espn.com/nfl/story/_/id/48744949/bills-play-first-regular-season-game-new-stadium-week-2,"Tue, 12 May 2026 07:27:27 EST"
nfl,Harbaugh-led Giants to host Cowboys in Week 1,"The Giants will host the Cowboys on Sept. 13 in the first ""Sunday Night Football"" game of the 2026 season.",https://www.espn.com/nfl/story/_/id/48740437/john-harbaugh-giants-host-cowboys-week-1-sunday-night-football,"Tue, 12 May 2026 07:27:27 EST"
nfl,"Sources: Chargers, TE Njoku agree to 1-yr. deal","After nine years with the Browns, David Njoku has agreed to terms with the Chargers on a one-year deal worth up to $8 million, sources told NFL Network's Ian Rapoport.",https://www.espn.com/nfl/story/_/id/48739754/sources-chargers-te-david-njoku-agree-one-year-deal,"Tue, 12 May 2026 07:27:27 EST"
nfl,Vikes surprise Peterson with Ring of Honor news,"Adrian Peterson will enter the Minnesota Vikings' ring of honor this fall, the team announced Monday.",https://www.espn.com/nfl/story/_/id/48741817/vikings-induct-ex-rb-adrian-peterson-ring-honor,"Tue, 12 May 2026 07:27:27 EST"
nfl,"Morton, SB starter for Cowboys and Broncos, dies","Craig Morton, who spent 18 years in the NFL and became the first quarterback to start the Super Bowl for two franchises -- the Dallas Cowboys and Denver Broncos -- died over the weekend at 83.",https://www.espn.com/nfl/story/_/id/48746277/craig-morton-super-bowl-starter-cowboys-broncos-dies,"Tue, 12 May 2026 07:27:27 EST"
nfl,"Steelers reward Boswell with 4-year, $28M deal","The Steelers have agreed to terms with kicker Chris Boswell on a four-year, $28 million extension, his agency, CAA Football, told ESPN's Adam Schefter.",https://www.espn.com/nfl/story/_/id/48742244/steelers-boswell-now-tied-aubrey-nfl-top-paid-kicker,"Tue, 12 May 2026 07:27:27 EST"
nfl,Bills boost pass-rush depth with ex-Chief Danna,"The Bills added a familiar former opponent to the roster, signing outside linebacker Mike Danna to a one-year deal Monday.",https://www.espn.com/nfl/story/_/id/48741642/bills-sign-ex-chiefs-pass-rusher-mike-danna-1-year-deal,"Tue, 12 May 2026 07:27:27 EST"
nfl,SB LIX dancer found guilty of resisting officer,"Zul-Qarnain Kwame Nantambu was found guilty of resisting an officer charge, a misdemeanor, after disrupting Kendrick Lamar's Super Bowl halftime performance with a flag that read ""Sudan and Free Gaza.""",https://www.espn.com/nfl/story/_/id/48745453/super-bowl-lix-performer-found-guilty-resisting-officer,"Tue, 12 May 2026 07:27:27 EST"
nfl,💍 Michael Penix Jr. marries fiancée Olivia Carter...,"The Atlanta Falcons quarterback seemed to be recovering well from his ACL surgery, showing off his moves on the dance floor.",https://www.espn.com/nfl/story/_/id/48713394/michael-penix-jr-olivia-carter-wedding-atlanta-falcons,"Tue, 12 May 2026 07:27:27 EST"
nfl,Three questions facing Lamar Jackson and the Raven...,"Heading into next week's organized team activities, the Ravens have some major questions to address.",https://www.espn.com/nfl/story/_/id/48741815/questions-facing-lamar-jackson-baltimore-ravens-ravens-center-tyler-linderbaum-nnamdi-madubuike,"Tue, 12 May 2026 07:27:34 EST"
nfl,The non-Round 1 impact rookies: Yates lists 20 sle...,"We picked out Day 2 and Day 3 NFL draft picks who could contribute right away, including R Mason Thomas and Antonio Williams.",https://www.espn.com/nfl/draft2026/story/_/id/48702987/2026-nfl-draft-rookie-year-impact-middle-late-rounders,"Mon, 11 May 2026 21:56:54 EST"
nfl,"Early NFL awards favorites, long shots: Which rook...","There's still a long way to go until the 2026 season kicks off, but it's never too early to see who's a front-runner.",https://www.espn.com/espn/betting/story/_/id/48687620/nfl-awards-offensive-rookie-year-coach-year-2026,"Mon, 11 May 2026 21:56:54 EST"
nfl,2026 NFL schedule: Everything we're hearing ahead ...,The Seahawks will open a season that features nine international games. Come back for bold predictions and more.,https://www.espn.com/nfl/story/_/page/nflschedulerelease-48704131/2026-nfl-schedule-release-bold-predictions-takeaways-revenge-games-all-32-teams,"Mon, 11 May 2026 16:12:21 EST"
nfl,The biggest remaining roster hole for every NFL te...,"Even after free agency, trades and the draft, NFL teams still have at least one position that needs a boost. Here's one for every roster.",https://www.espn.com/nfl/story/_/id/48649984/2026-nfl-offseason-biggest-roster-holes-depth-needs-all-32-teams-postdraft,"Mon, 11 May 2026 15:35:52 EST"
nfl,Who is on the hot seat after the NFL draft? 14 vet...,Will Carrington Valentine get jumped by Brandon Cisse on the Green Bay depth chart?,https://www.espn.com/nfl/story/_/id/48675818/2026-nfl-offseason-draft-veteran-hot-seats-position-battles-rookies,"Mon, 11 May 2026 15:35:52 EST"
nfl,Fantasy buzz: Which players benefit most from Njok...,"Discussing the impact on Oronde Gadsden, Kyler Murray, Justin Jefferson, Jordan Addison and others this season.",https://www.espn.com/fantasy/football/story/_/id/40699880/fantasy-football-injuries-position-battles-nfl-news-analysis,"Mon, 11 May 2026 11:12:51 EST"
nfl,Field Yates' rankings: PPR top 160,"Field provides his latest rankings for the upcoming season, which will be updated throughout the offseason.",https://www.espn.com/fantasy/football/story/_/id/48711830/2026-fantasy-football-rankings-ppr-field-yates,"Mon, 11 May 2026 11:12:51 EST"
nfl,"Baby No. 2 on the way for Christian McCaffrey, Oli...",The San Francisco 49ers star and former Miss Universe announced that they are expecting their second child.,https://www.espn.com/nfl/story/_/id/48717338/christian-mccaffrey-olivia-culpo-second-baby-announcement,"Fri, 8 May 2026 23:34:31 EST"
nfl,Justin Herbert stars in girlfriend Madison Beer's ...,The Grammy-nominated artist and the Chargers quarterback share the screen together in the video.,https://www.espn.com/nfl/story/_/id/48696952/justin-berbert-los-angeles-chargers-madison-beer-music-video-teaser,"Fri, 8 May 2026 23:34:31 EST"
nfl,"Super Bowl 2027 on ESPN: Date, location, venue, more details",The 2027 Super Bowl will air on ESPN for the first time in network history. Learn more information about Super Bowl LXI festivities now.,https://www.espn.com/nfl/story/_/id/47819308/super-bowl-2027-espn-how-watch-schedule-facts-stats,"Thu, 19 Feb 2026 08:05:38 EST"
mlb,Why so many good teams have closer issues -- and h...,"Bullpens are more volatile than ever, and closers with a capital C are few and far between, even for baseball's elite.",https://www.espn.com/mlb/story/_/id/48742800/mlb-2026-closer-bullpen-struggles-impact-rest-season-deadline,"Tue, 12 May 2026 07:33:51 EST"
mlb,The American League standings are ... weird. Here'...,We break down the wild state of the Junior Circuit.,https://www.espn.com/mlb/story/_/id/48712239/mlb-2026-american-league-al-standings-history-weird-yankees-rays,"Tue, 12 May 2026 07:33:51 EST"
mlb,Sources: Struggling Mets call up prospect Ewing,"The Mets are calling up their No. 2 prospect, outfielder A.J. Ewing, in hopes of sparking a struggling offense.",https://www.espn.com/mlb/story/_/id/48746188/sources-struggling-mets-call-prospect-aj-ewing,"Tue, 12 May 2026 07:34:04 EST"
mlb,Betts rejoins Dodgers after five weeks on IL,"Mookie Betts returned from the IL after a five-week absence on Monday, with the Dodgers hoping he can help spark a sluggish offense.",https://www.espn.com/mlb/story/_/id/48745756/mookie-betts-rejoins-dodgers-five-weeks-il,"Tue, 12 May 2026 07:34:04 EST"
mlb,Rangers scratch Eovaldi due to side tightness,Rangers right-hander Nathan Eovaldi was scratched from his scheduled start Monday against the Diamondbacks night because of left side tightness.,https://www.espn.com/mlb/story/_/id/48744303/rangers-nathan-eovaldi-face-d-backs-due-tight-side,"Tue, 12 May 2026 07:34:05 EST"
mlb,"Weathers loses no-no in 7th, then Yanks lose game","First, Ryan Weathers lost his no-hit bid. Not long after that, the Yankees lost the lead, eventually falling to the Orioles 3-2 in their fourth straight defeat.",https://www.espn.com/mlb/story/_/id/48746693/ryan-weathers-loses-no-hit-bid-yankees-lose-game-os,"Tue, 12 May 2026 07:34:05 EST"
mlb,Braves' Kim set for '26 debut; White to 7-day IL,"Braves shortstop Ha-Seong Kim was activated from the IL, clearing the way for his season debut, while Eli White was placed on the seven-day concussion IL.",https://www.espn.com/mlb/story/_/id/48744063/braves-activate-ha-seong-kim-put-eli-white-concussion-list,"Tue, 12 May 2026 07:34:04 EST"
mlb,Jays' Barger (elbow) to IL after 101.2 mph assist,The Blue Jays put outfielder Addison Barger back on the injured list with right elbow inflammation and designated left-handed pitcher Eric Lauer for assignment.,https://www.espn.com/mlb/story/_/id/48743608/blue-jays-addison-barger-returns-il-elbow-inflammation,"Tue, 12 May 2026 07:34:05 EST"
mlb,Yankees hope SS Caballero (finger) can avoid IL,Yankees shortstop José Caballero has been sidelined with a sore right middle finger and will undergo tests to determine the extent of the injury.,https://www.espn.com/mlb/story/_/id/48744400/yankees-jose-caballero-get-testing-injured-finger,"Tue, 12 May 2026 07:34:04 EST"
mlb,Diamondbacks' Santana suffers setback in rehab,"Diamondbacks first baseman Carlos Santana, the oldest active position player in the majors, suffered a recent setback in his rehab from a right groin strain that has sidelined him since April 5.",https://www.espn.com/mlb/story/_/id/48744772/diamondbacks-carlos-santana-suffers-setback-injury-rehab,"Tue, 12 May 2026 07:34:05 EST"
mlb,⚾ A May trade!? Grading Guardians-Giants deal,Cleveland acquired an elite defensive catcher from San Francisco. Which side fared best in the surprising swap?,https://www.espn.com/mlb/story/_/id/48722469/mlb-2026-trade-grades-patrick-bailey-cleveland-guardians-san-francisco-giants-report-card,"Tue, 12 May 2026 07:34:04 EST"
mlb,How two lefty sluggers are powering the best offense in baseball,Veteran All-Star Matt Olson and reigning Rookie of the Year Drake Baldwin headline a lineup that has the Braves running away with the NL East.,https://www.espn.com/mlb/story/_/id/48742605/mlb-2026-matt-olson-drake-baldwin-atlanta-braves-lineup-offsense-nl-east,"Tue, 12 May 2026 06:37:13 EST"
mlb,"Skubal's injury impact, lockout effects and more: ...",We polled those around the industry about the most intriguing topics surrounding this upcoming offseason.,https://www.espn.com/mlb/story/_/id/48733848/mlb-2026-27-free-agency-offseason-questions-market-skubal-lockout-top-free-agent,"Mon, 11 May 2026 22:04:43 EST"
mlb,Who can keep the Dodgers from three-peating? We id...,We make the case for the biggest threats to L.A.'s three-peat hopes.,https://www.espn.com/mlb/story/_/id/48702612/mlb-2026-teams-beat-dodgers-threepeat-braves-yankees-cubs-pirates-phillies-mariners,"Sat, 9 May 2026 00:41:19 EST"
mlb,Free agent pickups: Waldschmidt and Snelling get t...,The top players you should consider claiming off the fantasy baseball waiver wire this week.,https://www.espn.com/fantasy/baseball/story/_/id/48740286/fantasy-baseball-free-agent-pickups-waiver-wire-may11-2026,"Mon, 11 May 2026 11:31:33 EST"
mlb,Betts back for Dodgers and other Monday news to kn...,All of the important fantasy spin and actionable takeaways resulting from the latest baseball news.,https://www.espn.com/fantasy/baseball/story/_/id/48297021/espn-fantasy-baseball-buzz-injuries-promotions-demotions-trades-prospects-lineup-changes-mlb-news-analysis-2026,"Mon, 11 May 2026 11:31:33 EST"
mlb,Every team's odds to win the 2026 World Series: Do...,"Every MLB team's odds to win the 2026 World Series, led by the Dodgers with the slumping Mets way down the list.",https://www.espn.com/espn/betting/story/_/id/46793185/espn-mlb-betting-odds-futures-bets-world-series-american-national-league,"Mon, 11 May 2026 14:49:02 EST"
mlb,"MLB awards: Ohtani, Judge continue to lead MVP odd...","Here are the odds for MVP, Cy Young and Rookie of the Year in the AL and NL.",https://www.espn.com/espn/betting/story/_/id/48350446/2026-mlb-awards-sports-betting-odds-tracker-mvp-cy-young-rookie-year,"Mon, 11 May 2026 14:49:02 EST"
